Name,Score
256mb ddr radeon 9800 xt,37
6fdf:ff,9528
7900 mod - radeon hd 6520g,610
7900 mod - radeon hd 6550d,892
"@oem27.inf,%winmv2%;mv video hook driver2",1707
a10-12q,9493
a10-24q,22158
a10-4q,2764
a10-8q,7038
a100-sxm4-40gb,13326
a10g,12907
a16,5280
a16-1q,3430
a16-2b,2317
a16-2q,4747
a16-4q,4386
a40-24q,3317
a40-48q,10436
a6 micro-6500t quad-core apu with radeonr4,220
abit siluro t400,3
all-in-wonder 9000,4
all-in-wonder 9800,23
all-in-wonder radeon 8500dv,5
all-in-wonder x1800xl,30
all-in-wonder x1900,127
all-in-wonder x800 gt,84
amd ryzen z1 extreme,6477
amigamerlin 3.1-r1 for voodoo 4 4500 pci,3
asus a7000,9
asus agp-v3800pro v31.40h,4
asus eah4870x2,496
asus gtx 650 fml ii ec-egpu,720
asus v9520-x v62.11,7
b8dkmdap,4557
barco mxrt 1450,205
barco mxrt 2600,900
barco mxrt 5400,1161
barco mxrt 5450,1079
barco mxrt 5500,2701
barco mxrt 5600,2465
barco mxrt 7100,180
barco mxrt 7400,900
barco mxrt 7500,3753
barco mxrt 7600,4943
basicdisplay,69
beijing fantasy technology fantasy ii-m,296
carrizo 9874,226
citrix indirect display adapter,1888
cmp 30hx,5263
cmp 40hx,8944
connect 3d radeon x300,36
custom gpu 0405,2923
custom gpu 0932,3254
cxdisplay device,13988
dell 8100,2
dell 8200,4
diamond x1300-pcie 256mb,70
eah5450,134
eizo quadro med-xn51lp,4951
eizo quadro med-xn72,9036
eizo quadro med-xn92,17035
embedded radeon e9173,1761
eng sample: 100-000000560-40_y,5655
eng sample: 100-000000561-40_y,4206
extreme ax850 pro,120
firegl t2-128,30
firegl v3100,52
firegl v3200,84
firegl v3300,70
firegl v3350,68
firegl v3400,103
firegl v3600,179
firegl v5100,92
firegl v5200,114
firegl v5600,341
firegl v7100,71
firegl v7200,116
firegl v7300,128
firegl v7350,110
firegl v7600,615
firegl v7700,660
firegl v8600,838
firegl v8650,550
firegl x1,59
firemv 2200 pci,1
firemv 2200 pcie,36
firemv 2250,45
firemv 2260,117
firemv 2400 pcie,11
firemv 2450,73
firepro 2260,112
firepro 2270,142
firepro 2450,51
firepro 2460,170
firepro 3d v3700,178
firepro 3d v3750,341
firepro 3d v3800,472
firepro 3d v4800,853
firepro 3d v5700,546
firepro 3d v5800,1231
firepro 3d v7750,545
firepro 3d v7800,1867
firepro 3d v8700,1206
firepro 3d v8750,1271
firepro 3d v8800,2437
firepro 3d v9800,2811
firepro m2000,425
firepro m4000,1593
firepro m4000 mobility pro,1629
firepro m40003,1364
firepro m4100,1059
firepro m4150,1020
firepro m4170,1188
firepro m5100,1874
firepro m5100 firegl v,1839
firepro m5950,1314
firepro m6000,1820
firepro m6000 mobility pro,1712
firepro m6100,2417
firepro m6100 firegl v,2880
firepro m7740,665
firepro r5000,2646
firepro rg220,335
firepro s10000,4537
firepro s7000,4523
firepro s7150,3770
firepro s9000,5059
firepro s9050,4901
firepro v3800,320
firepro v3900,637
firepro v4900,1014
firepro v5700,464
firepro v5800,1184
firepro v5900,1232
firepro v7000,3161
firepro v7800,2028
firepro v7900,2260
firepro v8700,1538
firepro v8800,2280
firepro v9800,2726
firepro w2100,849
firepro w4100,1494
firepro w4170m,1056
firepro w4190m,1168
firepro w4300,2723
firepro w5000,2955
firepro w5100,2991
firepro w5130m,1396
firepro w5170m,1840
firepro w600,1694
firepro w6150m,2358
firepro w7000,4285
firepro w7000 adapter,4359
firepro w7100,5107
firepro w7170m,2899
firepro w8000,4259
firepro w8100,6705
firepro w9000,6157
firepro w9100,7747
firestream 9170,647
firestream 9250,1164
firestream 9270,1341
firestream 9370,2528
gecube radeon 7000,8
geforce 205,126
geforce 210,134
geforce 240m gt,319
geforce 256,5
geforce 305m,150
geforce 310,143
geforce 310m,126
geforce 315,196
geforce 315m,114
geforce 320m,209
geforce 405,117
geforce 410m,269
geforce 505,143
geforce 510,290
geforce 605,324
geforce 6100,27
geforce 6100 nforce 400,25
geforce 6100 nforce 405,26
geforce 6100 nforce 420,25
geforce 6100 nforce 430,23
geforce 610m,292
geforce 615,507
geforce 6150,21
geforce 6150 le,33
geforce 6150se,24
geforce 6150se nforce 430,30
geforce 6200,37
geforce 6200 a-le,32
geforce 6200 le,32
geforce 6200 turbocache,51
geforce 6200a,3
geforce 6200se turbocache,37
geforce 6500,38
geforce 6600,86
geforce 6600 gt,142
geforce 6600 le,51
geforce 6610 xl,88
geforce 6700 xl,95
geforce 6800,112
geforce 6800 gs,191
geforce 6800 gs/xt,102
geforce 6800 gt,142
geforce 6800 le,109
geforce 6800 ultra,138
geforce 6800 xe,58
geforce 6800 xt,120
geforce 7000m,13
geforce 7000m / nforce 610m,12
geforce 7025 / nforce 630a,32
geforce 7050 / nforce 610i,25
geforce 7050 / nforce 620i,41
geforce 7050 / nforce 630i,37
geforce 7050 pv / nforce 630a,31
geforce 705m,455
geforce 7100 / nforce 620i,26
geforce 7100 / nforce 630i,41
geforce 7100 gs,51
geforce 710a,485
geforce 710m,449
geforce 7150 / nforce 630i,33
geforce 7150m / nforce 630m,18
geforce 7200 gs,23
geforce 720a,577
geforce 7300 gs,80
geforce 7300 gt,123
geforce 7300 le,81
geforce 7300 se,39
geforce 7300 se/7200 gs,47
geforce 730a,770
geforce 7350 le,74
geforce 7500 le,84
geforce 7600 gs,166
geforce 7600 gt,237
geforce 7650 gs,134
geforce 770m,3245
geforce 7800 gs,177
geforce 7800 gt,244
geforce 7800 gtx,290
geforce 7900 gs,253
geforce 7900 gt,258
geforce 7900 gt/gto,247
geforce 7900 gtx,387
geforce 7950 gt,346
geforce 7950 gx2,201
geforce 7950 xtreme,287
geforce 800a,476
geforce 800m,477
geforce 8100 / nforce 720a,79
geforce 810a,655
geforce 810m,417
geforce 8200,163
geforce 8200m g,65
geforce 820a,556
geforce 820m,484
geforce 825m,770
geforce 8300,101
geforce 8300 gs,115
geforce 830a,1173
geforce 830m,1017
geforce 8400,81
geforce 8400 gs,162
geforce 8400 se,68
geforce 8400m g,105
geforce 8400m gs,109
geforce 8400m gt,66
geforce 840a,1123
geforce 840m,1100
geforce 845m,1488
geforce 8500 gt,172
geforce 8600 gs,143
geforce 8600 gt,134
geforce 8600 gts,183
geforce 8600m gs,88
geforce 8600m gt,167
geforce 8700m gt,124
geforce 8800 gs,330
geforce 8800 gt,456
geforce 8800 gts,406
geforce 8800 gts 512,549
geforce 8800 gtx,560
geforce 8800 ultra,642
geforce 8800m gts,382
geforce 8800m gtx,462
geforce 9100,81
geforce 9100m g,68
geforce 910m,595
geforce 9200,168
geforce 9200m ge,143
geforce 9200m gs,129
geforce 920a,829
geforce 920m,717
geforce 920mx,1070
geforce 9300,126
geforce 9300 / nforce 730i,128
geforce 9300 ge,93
geforce 9300 gs,102
geforce 9300 se,81
geforce 9300ge,97
geforce 9300m g,84
geforce 9300m gs,118
geforce 930a,1240
geforce 930m,1007
geforce 930mx,1283
geforce 9400,143
geforce 9400 gt,177
geforce 9400m,101
geforce 9400m g,67
geforce 940a,1106
geforce 940m,1131
geforce 940mx,1512
geforce 9450,104
geforce 945a,1852
geforce 945m,2108
geforce 9500 gs,215
geforce 9500 gt,180
geforce 9500m,103
geforce 9500m g,121
geforce 9500m gs,132
geforce 9600 gs,281
geforce 9600 gso,323
geforce 9600 gso 512,329
geforce 9600 gt,476
geforce 9600m gs,130
geforce 9600m gt,154
geforce 9600m gt / geforce gt 220m,293
geforce 9650m gs,270
geforce 9650m gt,137
geforce 9700m gt,327
geforce 9700m gts,278
geforce 9800 gt,451
geforce 9800 gt 1024mb,134
geforce 9800 gtx,769
geforce 9800 gtx+,488
geforce 9800 gtx/9800 gtx+,591
geforce 9800 gx2,612
geforce 9800 s,635
geforce 9800m gs,516
geforce 9800m gt,381
geforce 9800m gts,356
geforce 9800m gtx,454
geforce 999 gtx,83
geforce fx 5100,7
geforce fx 5200,7
geforce fx 5200 ultra,12
geforce fx 5200le,7
geforce fx 5200se,11
geforce fx 5500,8
geforce fx 5600,12
geforce fx 5600 ultra,17
geforce fx 5600xt,9
geforce fx 5700,40
geforce fx 5700 ultra,34
geforce fx 5700le,24
geforce fx 5700ve,33
geforce fx 5900,34
geforce fx 5900 ultra,41
geforce fx 5900xt,40
geforce fx 5900zt,32
geforce fx 5950 ultra,59
geforce fx go 5200,8
geforce fx go 5600,17
geforce fx go5300,12
geforce fx go5650,16
geforce fx go5700,51
geforce g 103m,62
geforce g 105m,88
geforce g100,176
geforce g102m,167
geforce g105m,133
geforce g200,136
geforce g205m,91
geforce g210,136
geforce g210m,129
geforce go 6100,17
geforce go 6150,19
geforce go 6200,15
geforce go 6400,24
geforce go 6600,69
geforce go 6600 te/6200 te,44
geforce go 6800,106
geforce go 6800 ultra,137
geforce go 7200,45
geforce go 7300,52
geforce go 7400,65
geforce go 7600,127
geforce go 7600 gt,210
geforce go 7700,147
geforce go 7800,114
geforce go 7800 gtx,209
geforce go 7900 gs,177
geforce go 7900 gtx,270
geforce go 7950 gtx,263
geforce gpu,1158
geforce gt 1030,2418
geforce gt 120,166
geforce gt 120 / 9500 gt,324
geforce gt 120m,150
geforce gt 130,381
geforce gt 130m,145
geforce gt 140,657
geforce gt 220,222
geforce gt 220m,126
geforce gt 230,323
geforce gt 230m,215
geforce gt 240,500
geforce gt 240m,213
geforce gt 320,470
geforce gt 320m,106
geforce gt 325m,169
geforce gt 330,396
geforce gt 330m,221
geforce gt 335m,369
geforce gt 340,738
geforce gt 415,251
geforce gt 415m,286
geforce gt 420,430
geforce gt 420m,394
geforce gt 425m,505
geforce gt 430,601
geforce gt 435m,535
geforce gt 440,772
geforce gt 445m,811
geforce gt 520,323
geforce gt 520m,284
geforce gt 520mx,284
geforce gt 525m,452
geforce gt 530,665
geforce gt 540m,476
geforce gt 545,1114
geforce gt 550m,565
geforce gt 555m,652
geforce gt 610,327
geforce gt 610m / gt 620m / gt 710m / gt 720m / gt,368
geforce gt 620,384
geforce gt 620m,431
geforce gt 625,368
geforce gt 625m,484
geforce gt 630,688
geforce gt 630m,525
geforce gt 635,811
geforce gt 635m,548
geforce gt 640,1164
geforce gt 640m,930
geforce gt 640m le,701
geforce gt 645,2005
geforce gt 645m,941
geforce gt 650m,1193
geforce gt 705,358
geforce gt 710,621
geforce gt 710m,433
geforce gt 720,660
geforce gt 720a,573
geforce gt 720m,443
geforce gt 730,824
geforce gt 730a,742
geforce gt 730m,807
geforce gt 735m,654
geforce gt 740,1456
geforce gt 740a,667
geforce gt 740m,789
geforce gt 745a,1237
geforce gt 745m,1093
geforce gt 750m,1330
geforce gt 755m,1722
geforce gt 820m,548
geforce gt625m,451
geforce gts 150m,504
geforce gts 160m,678
geforce gts 240,549
geforce gts 250,572
geforce gts 250m,553
geforce gts 350m,380
geforce gts 360m,644
geforce gts 450,1334
geforce gtx 1050,5028
geforce gtx 1050 (mobile),4462
geforce gtx 1050 3gb,5111
geforce gtx 1050 ti,6341
geforce gtx 1050 ti (mobile),5917
geforce gtx 1050 ti with max-q design,5316
geforce gtx 1050 with max-q design,3988
geforce gtx 1060,10076
geforce gtx 1060 (mobile),8160
geforce gtx 1060 3gb,9807
geforce gtx 1060 5gb,9100
geforce gtx 1060 with max-q design,7854
geforce gtx 1070,13501
geforce gtx 1070 (mobile),10465
geforce gtx 1070 ti,14686
geforce gtx 1070 with max-q design,9812
geforce gtx 1080,15586
geforce gtx 1080 ti,18598
geforce gtx 1080 with max-q design,11505
geforce gtx 1630,4982
geforce gtx 1650,7874
geforce gtx 1650 (mobile),6968
geforce gtx 1650 super,10183
geforce gtx 1650 ti,7523
geforce gtx 1650 ti with max-q design,6545
geforce gtx 1650 with max-q design,6262
geforce gtx 1660,11640
geforce gtx 1660 super,12697
geforce gtx 1660 ti,12835
geforce gtx 1660 ti (mobile),10138
geforce gtx 1660 ti with max-q design,8573
geforce gtx 260,1205
geforce gtx 260m,380
geforce gtx 275,1379
geforce gtx 280,1285
geforce gtx 280m,575
geforce gtx 285,1500
geforce gtx 285m,584
geforce gtx 295,1200
geforce gtx 460,2275
geforce gtx 460 se,1992
geforce gtx 460 v2,1954
geforce gtx 460m,1214
geforce gtx 465,2653
geforce gtx 470,3143
geforce gtx 470m,1953
geforce gtx 480,4075
geforce gtx 480m,1653
geforce gtx 485m,2359
geforce gtx 550 ti,1557
geforce gtx 555,1588
geforce gtx 560,2761
geforce gtx 560 se,1847
geforce gtx 560 ti,3068
geforce gtx 560m,1269
geforce gtx 570,3927
geforce gtx 570m,1877
geforce gtx 580,4637
geforce gtx 580m,2074
geforce gtx 590,3341
geforce gtx 645,1879
geforce gtx 650,1753
geforce gtx 650 ti,2518
geforce gtx 650 ti boost,3400
geforce gtx 660,4029
geforce gtx 660 ti,4408
geforce gtx 660m,1446
geforce gtx 670,5359
geforce gtx 670m,1725
geforce gtx 670mx,1976
geforce gtx 675m,1873
geforce gtx 675mx,2969
geforce gtx 680,5603
geforce gtx 680m,3276
geforce gtx 680m ky_bullet edition,3568
geforce gtx 680mx,3686
geforce gtx 690,5486
geforce gtx 745,2127
geforce gtx 750,3323
geforce gtx 750 ti,3903
geforce gtx 760,4806
geforce gtx 760 ti,5306
geforce gtx 760 ti oem,5427
geforce gtx 760a,1226
geforce gtx 760m,1706
geforce gtx 765m,2016
geforce gtx 770,5945
geforce gtx 770m,2770
geforce gtx 775m,3688
geforce gtx 780,7957
geforce gtx 780 ti,9477
geforce gtx 780m,3822
geforce gtx 850a,767
geforce gtx 850m,2536
geforce gtx 850m - modded,1091
geforce gtx 860m,3091
geforce gtx 870m,3529
geforce gtx 880m,3817
geforce gtx 950,5348
geforce gtx 950a,2598
geforce gtx 950m,2573
geforce gtx 960,6121
geforce gtx 960a,3464
geforce gtx 960m,3370
geforce gtx 965m,3832
geforce gtx 970,9634
geforce gtx 970m,5710
geforce gtx 970xm force,6706
geforce gtx 980,11083
geforce gtx 980 ti,13714
geforce gtx 980m,7348
geforce gtx titan,8199
geforce gtx titan black,9184
geforce gtx titan x,12722
geforce gtx titan z,8810
geforce mx110,1417
geforce mx130,1814
geforce mx150,2252
geforce mx230,1827
geforce mx250,2380
geforce mx330,2358
geforce mx350,2820
geforce mx450,3716
geforce mx550,4526
geforce mx570,5714
geforce mx570 a,6182
geforce pcx 5300,6
geforce pcx 5750,34
geforce pcx 5900,34
geforce rtx 2050,7754
geforce rtx 2060,14118
geforce rtx 2060 (mobile),11352
geforce rtx 2060 12gb,15927
geforce rtx 2060 super,16462
geforce rtx 2060 with max-q design,9714
geforce rtx 2070,16104
geforce rtx 2070 (mobile),12357
geforce rtx 2070 super,18164
geforce rtx 2070 super with max-q design,13584
geforce rtx 2070 with max-q design,11493
geforce rtx 2080,18705
geforce rtx 2080 (mobile),15013
geforce rtx 2080 super,19477
geforce rtx 2080 super with max-q design,13594
geforce rtx 2080 ti,21535
geforce rtx 2080 with max-q design,12796
geforce rtx 3050 4gb laptop gpu,9499
geforce rtx 3050 6gb,10720
geforce rtx 3050 6gb laptop gpu,10171
geforce rtx 3050 8gb,12548
geforce rtx 3050 a laptop gpu,11595
geforce rtx 3050 laptop gpu,12144
geforce rtx 3050 oem,11876
geforce rtx 3050 ti laptop gpu,10093
geforce rtx 3060,16976
geforce rtx 3060 12gb,16799
geforce rtx 3060 8gb,15217
geforce rtx 3060 laptop gpu,13215
geforce rtx 3060 ti,20329
geforce rtx 3070,22203
geforce rtx 3070 laptop gpu,15297
geforce rtx 3070 ti,23334
geforce rtx 3070 ti laptop gpu,17705
geforce rtx 3080,25088
geforce rtx 3080 12gb,26558
geforce rtx 3080 laptop gpu,16328
geforce rtx 3080 ti,26886
geforce rtx 3080 ti laptop gpu,19225
geforce rtx 3090,26634
geforce rtx 3090 ti,29445
geforce rtx 4050 laptop gpu,14411
geforce rtx 4060,19544
geforce rtx 4060 laptop gpu,17452
geforce rtx 4060 ti,22688
geforce rtx 4060 ti 16gb,22753
geforce rtx 4070,26926
geforce rtx 4070 laptop gpu,19576
geforce rtx 4070 super,29988
geforce rtx 4070 ti,31608
geforce rtx 4070 ti super,31802
geforce rtx 4080,34459
geforce rtx 4080 laptop gpu,24903
geforce rtx 4080 super,34269
geforce rtx 4090,38185
geforce rtx 4090 d,32259
geforce rtx 4090 laptop gpu,27214
geforce rtx 5050,17605
geforce rtx 5050 laptop gpu,16707
geforce rtx 5060,20706
geforce rtx 5060 laptop gpu,18049
geforce rtx 5060 ti 16gb,22834
geforce rtx 5060 ti 8gb,22694
geforce rtx 5070,29031
geforce rtx 5070 laptop gpu,20296
geforce rtx 5070 ti,32949
geforce rtx 5070 ti laptop gpu,23637
geforce rtx 5080,36430
geforce rtx 5080 laptop gpu,27371
geforce rtx 5090,39411
geforce rtx 5090 d,42305
geforce rtx 5090 laptop gpu,29521
geforce2 go,4
geforce2 gts/geforce2 pro,3
geforce2 integrated gpu,4
geforce2 mx,2
geforce2 mx 100/200,3
geforce2 mx with dvi-d and tv-out,4
geforce2 mx with tv out,2
geforce2 mx/mx 400,3
geforce2 ti,4
geforce2 ultra,6
geforce3,4
geforce3 ti 200,4
geforce3 ti 500,2
geforce4 420 go,3
geforce4 420 go 32m,5
geforce4 4200 go,3
geforce4 440,4
geforce4 440 go,3
geforce4 440 go 64m,5
geforce4 448 go,5
geforce4 mx 4000,4
geforce4 mx 420,4
geforce4 mx 440,4
geforce4 mx 440 with agp8x,4
geforce4 mx 440se,4
geforce4 mx 460,4
geforce4 mx integrated gpu,6
geforce4 ti 4200,5
geforce4 ti 4400,7
geforce4 ti 4600,5
geforce4 ti 4800,5
geforce4 ti 4800 se,6
geforce9400m,105
gf117,554
glenfly arise-gt-10c0,1007
grid gtx p40-6,4340
grid k1,650
grid k120q,293
grid k140q,727
grid k160q,628
grid k180q,533
grid k2,2736
grid k220q,912
grid k240q,2541
grid k260q,2949
grid k280q,2839
grid k520,3516
grid m10-0b,870
grid m10-0q,795
grid m10-1b,1493
grid m10-1q,2384
grid m10-2b,1623
grid m10-2q,2691
grid m10-4q,2976
grid m10-8q,2068
grid m6-0b,911
grid m6-1q,2069
grid m6-8q,3568
grid m60-0b,1838
grid m60-0q,827
grid m60-1b,4456
grid m60-1q,3694
grid m60-2q,5203
grid m60-4q,3831
grid m60-8a,5523
grid m60-8q,3883
grid p100-16q,5944
grid p100-1b,2223
grid p100-8q,3267
grid p4-1b,2151
grid p4-1q,729
grid p4-2b,1238
grid p4-2b4,2753
grid p4-2q,2692
grid p4-4q,6234
grid p4-8a,3206
grid p4-8q,5283
grid p40-12q,5752
grid p40-1b,3690
grid p40-24q,7956
grid p40-2b,9842
grid p40-2b4,8160
grid p40-2q,4130
grid p40-3q,681
grid p40-4q,5076
grid p40-8q,7507
grid p6-2q,3925
grid p6-4q,4429
grid rtx6000-1b,8473
grid rtx6000-6q,21986
grid rtx6000p-6q,4777
grid t4-16q,4910
grid t4-1b,1731
grid t4-1q,3302
grid t4-2b,3069
grid t4-2q,3765
grid t4-4q,3635
grid t4-8q,5171
grid v100-8q,16
grid v100d-8q,4155
gt 430,223
incredible hd,389
incredible hd 4000,517
incredible hd 4600,749
intel - express chipset g41,56
intel - express chipset q45/q43,57
intel 2nd generation sandybridge hd,169
intel 2nd generation sandybridge hd 3000,205
intel 4th generation haswell hd,419
intel 82845g controller,2
intel 82845g/gl controller,2
intel 82845g/gl/ge/pe/gv controller,2
intel 82852/82855 gm/gme controller,1
intel 82865g controller,4
intel 82915g express,5
intel 82915g/915gv/910gl,3
intel 82915g/gv/910gl advanced v3.5,2
intel 82915g/gv/910gl express,3
intel 82945g express,9
intel 82945g express-chipsatzfamilie,8
intel 865 embedded controller,3
"intel 915g,910g express",4
intel 915g/915gv/910gl embedded controller functio,4
intel 945g embedded chipset function 0,4
intel 946gz embedded chipset,3
intel 946gz express,2
intel arc,5506
intel arc 130t gpu,6271
intel arc 130v gpu,4566
intel arc 140t,5634
intel arc 140t gpu,6800
intel arc 140v gpu,5203
intel arc a310,5438
intel arc a310 lp,4922
intel arc a370m,5115
intel arc a380,6265
intel arc a530m,7963
intel arc a580,12041
intel arc a730m,9808
intel arc a750,12549
intel arc a770,13267
intel arc a770m,11778
intel arc b570,14260
intel arc b580,15820
intel arc pro,5773
intel arc pro 140t gpu,6687
intel arc pro a40/a50,5478
intel arc pro a60,9378
intel b43 express chipset,138
intel coffee lake uhd,1158
intel extreme controller,1
intel g33/g31 express,37
intel g35 express,2097
intel g41 express chipset,149
intel g41 express-chipsatz,57
intel g45/g43 express chipset,141
intel g45/g43/g41 express chipset,67
intel g965 express,208
intel gma 3150 express,2
intel graphics,3165
intel haswell hd - gt1,123
intel haswell hd - gt2,139
intel hd 2000,213
intel hd 3000,261
intel hd 4000,344
intel hd 4400,524
intel hd 4600,628
intel hd 4600 manual-gen9_2015-134121,619
intel hd 500,300
intel hd 5000,583
intel hd 505,358
intel hd 510,619
intel hd 515,638
intel hd 520,862
intel hd 5200,830
intel hd 530,992
intel hd 5300,405
intel hd 5500,593
intel hd 5600,1868
intel hd 6000,876
intel hd 610,686
intel hd 615,691
intel hd 630,1113
intel hd family,464
intel hd graphics 620,921
intel hd manual-15.28-1861,62
intel hd manual-gen9_2015-133271,165
intel hd modded,112
intel hd p3000,282
intel hd p4000,516
intel hd p4600,505
intel hd p4600/p4700,629
intel hd p530,1156
intel hd p630,1227
intel infoshock hd,193
intel iris 5100,734
intel iris 540,1263
intel iris 550,1436
intel iris 6100,901
intel iris 650,1432
intel iris plus,1794
intel iris plus 640,1354
intel iris plus 645,1751
intel iris plus 650,1596
intel iris plus 655,1728
intel iris pro 5200,1176
intel iris pro 580,1985
intel iris pro 6100,925
intel iris pro graphics 6200,1531
intel iris pro p580,1754
intel iris pro p6300,1596
intel iris xe,2641
intel iris xe max,1971
intel iris xe max 100,1964
intel media accelerator,32
intel media accelerator 3150,2
intel media accelerator 500,3
intel media accelerator 600,6
intel media accelerator hd,106
intel poison ivy,738
intel q33 express,7
intel q35 embedded,8
intel q35 express,62
intel q45/q43 express chipset,201
intel q45/q43 express-chipsatz,57
intel q965/q963 express,121
intel skylake hd dt gt2,576
intel uhd 630,614
intel uhd graphics,1500
intel uhd graphics 600,312
intel uhd graphics 605,364
intel uhd graphics 610,688
intel uhd graphics 615,715
intel uhd graphics 617,822
intel uhd graphics 620,1042
intel uhd graphics 630,1231
intel uhd graphics 710,1053
intel uhd graphics 730,1521
intel uhd graphics 750,1707
intel uhd graphics 770,1907
intel uhd graphics p630,1924
intel uhd graphics p750,1666
intel us15 embedded media and controller,7
ion,108
ion le,97
l4,9559
l4-1q,258
l4-2a,3063
l4-2b,1451
l4-2q,4062
l4-4q,4926
l4-6q,4473
l4-8q,7846
l40-8q,11670
l40s,20022
l40s-12q,4371
l40s-1q,2931
l40s-24q,3257
l40s-8q,5414
luminoncore iddcx adapter,1338
m860g with mobility radeon 4100,75
m880g with mobility radeon hd 4200,92
m880g with mobility radeon hd 4225,71
m880g with mobility radeon hd 4250,104
master x3100 driver,10
matrox c420 lp pcie x16,597
matrox c680 pcie x16,1873
matrox c900 pcie x16,1812
matrox g200e wddm 1.2,59
matrox g200e wddm 2.0,100
matrox g200eh,40
matrox g200eh wddm 1.2,51
matrox g200eh wddm 2.0,49
matrox g200er,36
matrox g200er wddm 1.2,45
matrox g200er wddm 2.0,67
matrox g200ew,39
matrox g200ew wddm 1.2,50
matrox g200ew3 wddm 2.0,89
matrox luma a310,3690
matrox luma a310f,3873
matrox luma a380p,5811
matrox m9120 pcie x16,19
matrox m9120 plus lp pcie x16,25
matrox m9125 pcie x16,25
matrox m9128 lp pcie x16,31
matrox m9138 lp pcie x16,42
matrox m9140 lp pcie x16,23
matrox m9148 lp pcie x16,40
matrox m9188 atx pcie x16,45
matrox millennium p650 pcie 128,5
matrox millennium p690 pcie x16,366
matrox millennium p690 plus lp pcie x16,6
matrox parhelia 128mb,3
matrox parhelia 256mb,9
matrox parhelia apve,5
medion radeon 9800 xxl,71
medion radeon x740xl,94
meta virtual monitor,21427
meta virtual monitor ryzen 5 5625u,1008
mi pad 5 adreno 640 gpu,657
miracast display port driver v3,8421
mirage driver,1261
mirrorop virtual adaptor ryzen 5 pro 7535u,2429
mirrorv3,1080
mobile intel - famiglia express chipset 45,38
mobile intel 4 express-chipsatzfamilie,44
mobile intel 45 express,38
mobile intel 45 express-chipsatzfamilie,117
mobile intel 915gm/gms/910gml express,1
mobile intel 945 express,1
mobile intel 945gm express,5
mobile intel 945gm/gu express,5
mobile intel 965 express,46
mobile intel 965 express - br-0907-0461 v1839,8
mobile intel 965 express-chipsatzfamilie,24
mobile intel hd,244
mobile intel serie 4 express,44
mobile intel965 express,17
mobility firegl 7800,4
mobility firegl t2,40
mobility firegl t2/t2e,33
mobility firegl v3200,62
mobility firegl v5000,81
mobility firegl v5200,44
mobility firegl v5250,27
mobility firegl v5725,219
mobility igp 9000/9100,10
mobility radeon 4100,81
mobility radeon 7000 igp,6
mobility radeon 7500,3
mobility radeon 9000,3
mobility radeon 9000 igp,7
mobility radeon 9000/9100 igp,5
mobility radeon 9100 igp,2
mobility radeon 9200,3
mobility radeon 9550,30
mobility radeon 9600,36
mobility radeon 9600 pro turbo,24
mobility radeon 9600/9700,39
mobility radeon 9700,27
mobility radeon 9800,46
mobility radeon hd 2300,50
mobility radeon hd 2400,89
mobility radeon hd 2400 xt,102
mobility radeon hd 2600,167
mobility radeon hd 2600 xt,191
mobility radeon hd 3400 serisi,111
mobility radeon hd 3410,62
mobility radeon hd 3430,98
mobility radeon hd 3450,91
mobility radeon hd 3470,93
mobility radeon hd 3470 hybrid x2,93
mobility radeon hd 3650,141
mobility radeon hd 3670,232
mobility radeon hd 3850,365
mobility radeon hd 3870,547
mobility radeon hd 3870 x2,477
mobility radeon hd 4200,90
mobility radeon hd 4225,66
mobility radeon hd 4250,98
mobility radeon hd 4270,92
mobility radeon hd 4300 serisi,73
mobility radeon hd 4330,135
mobility radeon hd 4350,148
mobility radeon hd 4550,191
mobility radeon hd 4570,149
mobility radeon hd 4650,401
mobility radeon hd 4670,463
mobility radeon hd 4830,511
mobility radeon hd 4850,866
mobility radeon hd 4870,719
mobility radeon hd 5000,773
mobility radeon hd 5000 serisi,478
mobility radeon hd 5165,284
mobility radeon hd 530v,174
mobility radeon hd 540v,188
mobility radeon hd 5430,181
mobility radeon hd 5450,214
mobility radeon hd 545v,199
mobility radeon hd 5470,236
mobility radeon hd 550v,266
mobility radeon hd 5570,525
mobility radeon hd 560v,318
mobility radeon hd 5650,441
mobility radeon hd 565v,353
mobility radeon hd 5730,507
mobility radeon hd 5850,763
mobility radeon hd 5870,1089
mobility radeon hd serie 4200,96
mobility radeon x1300,39
mobility radeon x1350,39
mobility radeon x1400,42
mobility radeon x1450,33
mobility radeon x1600,92
mobility radeon x1700,104
mobility radeon x1800,130
mobility radeon x1900,134
mobility radeon x2300,48
mobility radeon x2300 hd,48
mobility radeon x2500,81
mobility radeon x300,33
mobility radeon x600,50
mobility radeon x600 se,49
mobility radeon x700,66
mobility radeon x700 xl,59
mobility radeon xpress 200,27
mobility radeon. hd 5470,215
mobility/radeon 9000,4
monster geforce gtx 675m,2637
moore threads mtt s30,580
moore threads s3000 mtvgpu-1132,1997
mxgpu,1282
n16p-gx,1204
n18e-q1,2525
nforce 750a sli,83
nforce 760i sli,140
nforce 780a sli,92
nforce 980a/780a sli,164
nv44,15
nvidia a10,21687
nvidia a10-4q,2756
nvidia a10g,17660
nvidia a40,13900
nvidia a40-12q,4335
nvidia a40-4q,4240
nvidia a40-8q,4681
nvidia geforce3 ti200,5
nvidia titan x,13659
nvidia titan xp,18775
nvs 2100m,139
nvs 300,121
nvs 310,274
nvs 3100m,119
nvs 315,331
nvs 4200m,301
nvs 510,683
nvs 5100m,199
nvs 5200m,501
nvs 5400m,616
nvs 810,1191
opal xt/gl,1053
p102-100,3356
p104-100,3614
p106-090,2404
p106-100,6690
parsec virtual display adapter,17603
parsec virtual display adapter ryzen 5 3400g,2045
parsec virtual display adapter ryzen 5 5600gt,2712
parsec virtual display adapter ryzen 7 5825u,2202
pci\ven_1002&dev_164e&subsys_d0001458&rev_c3 ryzen,1653
pci\ven_1002&dev_164e&subsys_d0001458&rev_c7 ryzen,1642
phdgd ivy 4,374
phdgd ivy 5,445
phdgd quantic c3,116
phdgd sapphire gr for mobile intel 965,25
phdgd solo 1.2.0 x86,11
phdgd solo 2 x64,20
q12u-1,5164
quadro 1000m,558
quadro 1100m,755
quadro 2000,947
quadro 2000 d,1239
quadro 2000d,977
quadro 2000m,759
quadro 2100m,1100
quadro 280 nvs pcie,5
quadro 3000m,999
quadro 400,148
quadro 4000,1474
quadro 4000m,1287
quadro 410,434
quadro 5000,1961
quadro 5000m,2059
quadro 500m,570
quadro 5010m,1691
quadro 600,524
quadro 6000,2691
quadro 7000,3505
quadro cx,947
quadro fx 1000,34
quadro fx 1100,35
quadro fx 1300,34
quadro fx 1400,124
quadro fx 1500,169
quadro fx 1500m,171
quadro fx 1600m,207
quadro fx 1700,207
quadro fx 1700m,172
quadro fx 1800,400
quadro fx 1800m,494
quadro fx 2000,18
quadro fx 2500m,217
quadro fx 2700,543
quadro fx 2700m,366
quadro fx 2800m,414
quadro fx 3000,69
quadro fx 3400/4400,104
quadro fx 3450,148
quadro fx 3450/4000 sdi,179
quadro fx 350,85
quadro fx 3500,265
quadro fx 3500m,306
quadro fx 350m,44
quadro fx 3600m,466
quadro fx 360m,86
quadro fx 370,83
quadro fx 370 low profile,102
quadro fx 370 lp,108
quadro fx 3700,372
quadro fx 3700m,450
quadro fx 370m,93
quadro fx 380,173
quadro fx 380 lp,144
quadro fx 3800,824
quadro fx 3800m,574
quadro fx 380m,120
quadro fx 4000,101
quadro fx 4500,227
quadro fx 4500 x2,236
quadro fx 4600,407
quadro fx 4700 x2,676
quadro fx 4800,1003
quadro fx 500/600 pci,14
quadro fx 500/fx 600,7
quadro fx 540,80
quadro fx 550,63
quadro fx 5500,242
quadro fx 560,113
quadro fx 5600,525
quadro fx 570,248
quadro fx 570m,99
quadro fx 580,181
quadro fx 5800,1213
quadro fx 770m,220
quadro fx 880m,230
quadro fx go1400,101
quadro gp100,13710
quadro gv100,19456
quadro k1000m,766
quadro k1100m,1089
quadro k1200,2959
quadro k2000,1579
quadro k2000d,1590
quadro k2000m,1001
quadro k2100m,1367
quadro k2200,3580
quadro k2200m,3497
quadro k3000m,1635
quadro k3100m,2269
quadro k4000,2722
quadro k4000m,2061
quadro k4100m,2763
quadro k420,731
quadro k4200,4331
quadro k5000,3979
quadro k5000m,2804
quadro k5100m,3230
quadro k510m,641
quadro k5200,6179
quadro k600,725
quadro k6000,8072
quadro k610m,712
quadro k620,2217
quadro k620m,1159
quadro m1000m,2840
quadro m1200,3217
quadro m2000,4017
quadro m2000m,3433
quadro m2200,4270
quadro m3000m,5550
quadro m4000,6681
quadro m4000m,6128
quadro m5000,9434
quadro m5000m,7056
quadro m500m,1177
quadro m520,1896
quadro m5500,7915
quadro m6000,11808
quadro m6000 24gb,11782
quadro m600m,2239
quadro m620,2771
quadro nvs 110m,47
quadro nvs 120m,46
quadro nvs 130m,97
quadro nvs 135m,50
quadro nvs 140m,78
quadro nvs 150m,70
quadro nvs 160m,145
quadro nvs 210s,23
quadro nvs 210s / geforce 6150le,20
quadro nvs 280 pci,8
quadro nvs 280 sd,2
quadro nvs 285,43
quadro nvs 285 128mb,38
quadro nvs 290,228
quadro nvs 295,111
quadro nvs 320m,208
quadro nvs 420,120
quadro nvs 440,37
quadro nvs 450,66
quadro nvs 510m,238
quadro nvs 55/280 pci,6
quadro p1000,4510
quadro p2000,6958
quadro p2000 with max-q design,5267
quadro p2200,9376
quadro p3000,6501
quadro p3200,8558
quadro p3200 with max-q design,9098
quadro p400,1655
quadro p4000,11478
quadro p4000 with max-q design,9082
quadro p4200,10419
quadro p4200 with max-q design,11835
quadro p500,1653
quadro p5000,12649
quadro p520,2047
quadro p5200,11772
quadro p5200 with max-q design,12308
quadro p600,3316
quadro p6000,15482
quadro p620,3677
quadro rtx 3000,10946
quadro rtx 3000 with max-q design,8126
quadro rtx 4000,15092
quadro rtx 4000 (mobile),11747
quadro rtx 4000 with max-q design,12092
quadro rtx 5000,15592
quadro rtx 5000 (mobile),14832
quadro rtx 5000 with max-q design,13018
quadro rtx 6000,18214
quadro rtx 8000,19798
quadro t1000,6481
quadro t1000 with max-q design,6715
quadro t2000,7244
quadro t2000 with max-q design,6886
quadro2 mxr/ex,4
quadro2 pro,1
quadro4 380 xgl,6
quadro4 900 xgl,4
quadro4 980 xgl,5
qualcomm adreno 540 gpu,124
qualcomm adreno 618 gpu,127
qualcomm adreno 630 gpu,281
qualcomm adreno 675 gpu,539
qualcomm adreno 680 gpu,882
qualcomm adreno 685 gpu,975
qualcomm adreno 690 gpu,1054
qualcomm adreno 7c gen 3 gpu,777
qualcomm adreno 7c+ gen 3,660
qualcomm adreno 8cx gen 3,1961
qualcomm adreno 8cx gen 3 gpu,1909
qualcomm adreno x1-45 gpu,1848
qualcomm adreno x1-85 gpu,2993
qxl kmdod,18
racer-tech usb display device,22705
radeon 2100,59
radeon 3000,98
radeon 3015e,356
radeon 3020e,488
radeon 3100,73
radeon 520,869
radeon 530,1029
radeon 535,1041
radeon 535dx,773
radeon 540,1433
radeon 540x,1512
radeon 550,2132
radeon 550x,1427
radeon 610m,1103
radeon 610m ryzen 9 7845hx,7812
radeon 610m ryzen 9 7940hx,1560
radeon 610m ryzen 9 7945hx,1797
radeon 610m ryzen 9 7945hx3d,1612
radeon 620,950
radeon 625,1075
radeon 630,1541
radeon 6600m,535
radeon 660m,3280
radeon 660m ryzen 3 7335u,2248
radeon 660m ryzen 5 6600h,4461
radeon 660m ryzen 5 7533hs,2641
radeon 660m ryzen 5 7535hs,2921
radeon 6750m,911
radeon 680m,4593
radeon 680m ryzen 7 7735hs,4310
radeon 680m ryzen 9 6900hx,5493
radeon 7000 / radeon ve,2
radeon 7000 / radeon ve family,3
radeon 7200,2
radeon 740m,3098
radeon 7500,3
radeon 7500 family,4
radeon 760m,5518
radeon 780m,6939
radeon 8050s,15980
radeon 8060s,17659
radeon 840m,3812
radeon 8500 family,6
radeon 860m,4841
radeon 880m,7699
radeon 890m,8242
radeon 9000,4
radeon 9000 family,3
radeon 9100 family,6
radeon 9100 igp,5
radeon 9200,3
radeon 9200 le family,2
radeon 9200 pro family,2
radeon 9200 se,2
radeon 9250,2
radeon 9500,36
radeon 9500 pro / 9700,41
radeon 9550,34
radeon 9550 / x1050,29
radeon 9600 family,25
radeon 9600 pro,42
radeon 9600 pro family,26
radeon 9600 tx family,18
radeon 9600 xt,35
radeon 9600se,27
radeon 9700 pro,53
radeon 9700 tx w/tv-out,44
radeon 9800,57
radeon 9800 pro,59
radeon 9800 se,23
radeon 9800 xt,56
radeon a9800xt,22
radeon ai pro r9700,29830
radeon athlon gold 3150u,793
radeon athlon gold pro 4150ge,1573
radeon athlon pro 3045b,563
radeon athlon silver 3050u,673
radeon e2400,51
radeon e4690,405
radeon e6460,323
radeon e6465,231
radeon e6760,876
radeon e8860,1686
radeon e8870pcie,3368
radeon eng sample: 100-000000098-40_39/27_y,1743
radeon eng sample: 100-000000144-40_38/38_y,1659
radeon eng sample: 100-000000146-20_37/30_y,2123
radeon eng sample: 100-000000149-40_40/30_y,1800
radeon eng sample: 100-000000151-40_38/33_y,1367
radeon eng sample: 100-000000285-30_y,2639
radeon eng sample: 100-000000536-40_y,4211
radeon epyc 4124p 4-core,1322
radeon epyc 4244p 6-core,1424
radeon epyc 4344p 8-core,1634
radeon epyc 4364p 8-core,1002
radeon epyc 4464p 12-core,1331
radeon epyc 4484px 12-core,1619
radeon epyc 4564p 16-core,1374
radeon epyc 4584px 16-core,1661
radeon hd 2350,76
radeon hd 2400,120
radeon hd 2400 pci,14
radeon hd 2400 pro,114
radeon hd 2400 xt,118
radeon hd 2600 pro,211
radeon hd 2600 pro agp,110
radeon hd 2600 xt,282
radeon hd 2900 gt,292
radeon hd 2900 pro,627
radeon hd 2900 xt,659
radeon hd 3000,95
radeon hd 3200,82
radeon hd 3300,126
radeon hd 3450,182
radeon hd 3470,117
radeon hd 3650 agp,150
radeon hd 3670,168
radeon hd 3850,401
radeon hd 3850 agp,432
radeon hd 3850 x2,822
radeon hd 3870,551
radeon hd 3870 x2,586
radeon hd 4200,111
radeon hd 4250,122
radeon hd 4270,109
radeon hd 4290,140
radeon hd 4300/4500 serisi,155
radeon hd 4330,134
radeon hd 4350,161
radeon hd 4550,235
radeon hd 4650,248
radeon hd 4650 agp,207
radeon hd 4670,381
radeon hd 4770,908
radeon hd 4810,774
radeon hd 4830,844
radeon hd 4850,946
radeon hd 4850 x2,1132
radeon hd 4870,1386
radeon hd 4870 x2,1309
radeon hd 4890,1543
radeon hd 5450,136
radeon hd 5470,268
radeon hd 5550,383
radeon hd 5570,476
radeon hd 5600/5700,615
radeon hd 5670,802
radeon hd 5750,1170
radeon hd 5770,1346
radeon hd 5830,1732
radeon hd 5850,1964
radeon hd 5870,2190
radeon hd 5970,2296
radeon hd 6230,179
radeon hd 6250,93
radeon hd 6290,104
radeon hd 6290m,140
radeon hd 6300m,144
radeon hd 6310,122
radeon hd 6320,147
radeon hd 6320 graphic,216
radeon hd 6320m,198
radeon hd 6350,140
radeon hd 6370d,255
radeon hd 6370m,275
radeon hd 6380g,200
radeon hd 6410d,236
radeon hd 6430m,192
radeon hd 6450,198
radeon hd 6450 + 8470d dual,762
radeon hd 6450a,260
radeon hd 6470m,225
radeon hd 6480g,256
radeon hd 6480m,353
radeon hd 6490m,377
radeon hd 6520g,299
radeon hd 6530d,337
radeon hd 6550a,707
radeon hd 6550d,400
radeon hd 6570,558
radeon hd 6610m,565
radeon hd 6620g,341
radeon hd 6630m,684
radeon hd 6650a,835
radeon hd 6650m,763
radeon hd 6670,726
radeon hd 6670 + 6670 dual,646
radeon hd 6670 + 7660d dual,1492
radeon hd 6670/7670,945
radeon hd 6700m,1016
radeon hd 6750,1054
radeon hd 6750m,937
radeon hd 6770,1263
radeon hd 6770m,964
radeon hd 6790,1545
radeon hd 6800m,766
radeon hd 6850,1943
radeon hd 6850 x2,2534
radeon hd 6870,2204
radeon hd 6900m,1701
radeon hd 6950,2590
radeon hd 6970,2832
radeon hd 6970m,2270
radeon hd 6990,3013
radeon hd 7290,111
radeon hd 7290m,123
radeon hd 7310,128
radeon hd 7310 - carte graphique,174
radeon hd 7310g,180
radeon hd 7310m,166
radeon hd 7340,153
radeon hd 7340g,196
radeon hd 7340m,221
radeon hd 7350,165
radeon hd 7400g,267
radeon hd 7420g,315
radeon hd 7450,223
radeon hd 7450a,288
radeon hd 7450m,329
radeon hd 7470,289
radeon hd 7470m,407
radeon hd 7480d,281
radeon hd 7500g,310
radeon hd 7500g + 7500m/7600m dual,616
radeon hd 7500g + 7550m dual,497
radeon hd 7500g + hd 7500m/7600m dual,355
radeon hd 7520g,314
radeon hd 7520g + 7400m dual,486
radeon hd 7520g + 7470m dual,542
radeon hd 7520g + 7500/7600 dual,582
radeon hd 7520g + 7600m dual,591
radeon hd 7520g + 7610m dual,588
radeon hd 7520g + 7650m dual,453
radeon hd 7520g + 7670m dual,523
radeon hd 7520g + 7700m dual,1060
radeon hd 7520g + 8600/8700m dual,311
radeon hd 7520g + 8750m dual,376
radeon hd 7520g + hd 7400m dual,544
radeon hd 7520g + hd 7500/7600 dual,832
radeon hd 7520g + hd 7600m dual,447
radeon hd 7520g + hd 7670m dual,495
radeon hd 7520g + hd 7700m dual,574
radeon hd 7520g + hd 8600/8700m dual,623
radeon hd 7520g + hd 8750m dual,651
radeon hd 7520g n hd 7520g + hd 7500/7600 7500/760,574
radeon hd 7520g n hd 7520g + hd 7600m n hd 7600m d,364
radeon hd 7540d,329
radeon hd 7540d + 6570 dual,719
radeon hd 7540d + 7500 dual,821
radeon hd 7540d + hd 6450 dual,643
radeon hd 7550m,464
radeon hd 7550m/7650m,728
radeon hd 7560d,450
radeon hd 7560d + 6450 dual,568
radeon hd 7560d + 6570 dual,833
radeon hd 7560d + 6670 dual,1130
radeon hd 7560d + 7560d dual,982
radeon hd 7560d + 7570 dual,985
radeon hd 7560d + 7670 dual,1426
radeon hd 7560d + 7700 dual,1919
radeon hd 7560d + hd 6570 dual,1237
radeon hd 7560d + hd 6670 dual,1554
radeon hd 7560d + hd 7000 dual,534
radeon hd 7560d + hd 7600 dual,1258
radeon hd 7560d + hd 7670 dual,1380
radeon hd 7560d + hd 7700 dual,1346
radeon hd 7560d + hd 8570 dual,935
radeon hd 7560d + r5 235 dual,563
radeon hd 7570,611
radeon hd 7570m,426
radeon hd 7570m/hd 7670m,699
radeon hd 7580d,350
radeon hd 7600g,333
radeon hd 7600g + 6400m dual,376
radeon hd 7600g + 7450m dual,389
radeon hd 7600g + 7500m/7600m dual,405
radeon hd 7600g + 7550m dual,423
radeon hd 7600g + 8500m/8700m dual,333
radeon hd 7600g + hd 7400m dual,328
radeon hd 7600g + hd 7500m/7600m dual,476
radeon hd 7600g + hd 7550m dual,509
radeon hd 7600g + hd 8670m dual,543
radeon hd 7600g + hd dual,435
radeon hd 7600g n hd 7600g + hd on hd dual,526
radeon hd 7600m + 7600m dual,773
radeon hd 7610m,632
radeon hd 7620g,364
radeon hd 7620g + 8600m dual,508
radeon hd 7620g + 8670m dual,577
radeon hd 7620g + hd 8600m dual,442
radeon hd 7620g + hd 8670m dual,507
radeon hd 7620g n hd 7620g + hd 8600m n hd 8600m d,451
radeon hd 7640g,456
radeon hd 7640g + 6400m dual,526
radeon hd 7640g + 7400m dual,637
radeon hd 7640g + 7450m dual,754
radeon hd 7640g + 7470m dual,595
radeon hd 7640g + 7500/7600 dual,627
radeon hd 7640g + 7500m/7600m dual,775
radeon hd 7640g + 7600m dual,705
radeon hd 7640g + 7610m dual,510
radeon hd 7640g + 7650m dual,747
radeon hd 7640g + 7670m dual,644
radeon hd 7640g + 7690m dual,945
radeon hd 7640g + 7700m dual,690
radeon hd 7640g + 8500m dual,585
radeon hd 7640g + 8570m dual,558
radeon hd 7640g + 8600/8700m dual,688
radeon hd 7640g + 8600m dual,249
radeon hd 7640g + 8670m dual,558
radeon hd 7640g + 8750m dual,654
radeon hd 7640g + hd 7400m dual,576
radeon hd 7640g + hd 7500/7600 dual,423
radeon hd 7640g + hd 7600m dual,704
radeon hd 7640g + hd 7600m n hd 7600m dual,406
radeon hd 7640g + hd 7670m dual,518
radeon hd 7640g + hd 7700m dual,589
radeon hd 7640g + hd 7700m n hd 7700m dual,630
radeon hd 7640g + hd 8500m dual,607
radeon hd 7640g + hd 8500m n hd 8500m dual,665
radeon hd 7640g + hd 8570m dual,474
radeon hd 7640g + hd 8600/8700m dual,586
radeon hd 7640g + hd 8670m dual,677
radeon hd 7640g + hd 8750m dual,996
radeon hd 7640g + r5 m200 dual,559
radeon hd 7640g n hd 7640g + hd 7600m n hd 7600m d,824
radeon hd 7640g n hd 7640g + hd 7670m dual,679
radeon hd 7640g n hd 7640g + hd 8570m dual,422
radeon hd 7650a,566
radeon hd 7650m,436
radeon hd 7660d,510
radeon hd 7660d + 6570 dual,1100
radeon hd 7660d + 6670 dual,1238
radeon hd 7660d + 7470 dual,465
radeon hd 7660d + 7500 dual,1121
radeon hd 7660d + 7540d dual,1204
radeon hd 7660d + 7670 dual,1061
radeon hd 7660d + hd 6670 dual,1484
radeon hd 7660d + hd 7000 dual,633
radeon hd 7660d + hd 7400 dual,339
radeon hd 7660d + hd 7700 dual,1958
radeon hd 7660d + r5 235 dual,523
radeon hd 7660d + r7 240 dual,941
radeon hd 7660g,482
radeon hd 7660g + 7400m dual,588
radeon hd 7660g + 7470m dual,630
radeon hd 7660g + 7600m dual,831
radeon hd 7660g + 7610m dual,745
radeon hd 7660g + 7670m dual,743
radeon hd 7660g + 7700m dual,757
radeon hd 7660g + 7730m dual,931
radeon hd 7660g + 8600m dual,445
radeon hd 7660g + 8670m dual,587
radeon hd 7660g + hd 7500/7600 7500/7600 dual,1002
radeon hd 7660g + hd 7500/7600 dual,760
radeon hd 7660g + hd 7500m/7600m dual,999
radeon hd 7660g + hd 7600m dual,568
radeon hd 7660g + hd 7600m n hd 7600m dual,460
radeon hd 7660g + hd 7670m dual,706
radeon hd 7660g + hd 7700m dual,777
radeon hd 7660g + hd 7730m dual,881
radeon hd 7660g + hd 8500m dual,758
radeon hd 7660g + hd 8600/8700m dual,747
radeon hd 7660g + hd 8600m dual,363
radeon hd 7660g + hd 8670m dual,711
radeon hd 7660g n hd 7660g + hd 7600m n hd 7600m d,722
radeon hd 7660g n hd 7660g + hd 7670m dual,704
radeon hd 7660g n hd 7660g + hd 7700m n hd 7700m d,966
radeon hd 7670,813
radeon hd 7670a,1050
radeon hd 7670m,473
radeon hd 7670m + 7670m dual,738
radeon hd 7690m,847
radeon hd 7690m xt,1009
radeon hd 7700-serie,1899
radeon hd 7730,1188
radeon hd 7730m,781
radeon hd 7750,1703
radeon hd 7750m,1191
radeon hd 7770,2176
radeon hd 7790,3090
radeon hd 7800-serie,4029
radeon hd 7850,3887
radeon hd 7850m,1372
radeon hd 7870,4599
radeon hd 7870 xt,4469
radeon hd 7870m,1507
radeon hd 7950 / r9 280,4764
radeon hd 7970 / r9 280x,5247
radeon hd 7970m,3575
radeon hd 7990,5565
radeon hd 8180,134
radeon hd 8210,195
radeon hd 8210e,193
radeon hd 8240,246
radeon hd 8250,212
radeon hd 8280,260
radeon hd 8280e,256
radeon hd 8280g,269
radeon hd 8310e,340
radeon hd 8330,270
radeon hd 8330e,262
radeon hd 8350,162
radeon hd 8350g,258
radeon hd 8370d,316
radeon hd 8400,272
radeon hd 8400e,275
radeon hd 8410g,435
radeon hd 8450g,333
radeon hd 8450g + 8600/8700m dual,1070
radeon hd 8450g + 8600m dual,545
radeon hd 8450g + 8670m dual,474
radeon hd 8450g + 8750m dual,637
radeon hd 8450g + hd 8600m dual,452
radeon hd 8450g + hd 8670m dual,477
radeon hd 8450g + hd 8750m dual,503
radeon hd 8450g + r5 m230 dual,578
radeon hd 8470,247
radeon hd 8470d,376
radeon hd 8470d + 6450 dual,717
radeon hd 8470d + 6570 dual,837
radeon hd 8470d + hd 6450 dual,862
radeon hd 8470d + hd 6670 dual,1435
radeon hd 8470d + hd 7500 dual,1545
radeon hd 8490,263
radeon hd 8500m,444
radeon hd 8500m/8700m,852
radeon hd 8510g,372
radeon hd 8510g + 8500m dual,596
radeon hd 8510g + hd 8500m dual,629
radeon hd 8550d,566
radeon hd 8550g,417
radeon hd 8550g + 7600m dual,901
radeon hd 8550g + 8500m dual,602
radeon hd 8550g + 8570m dual,532
radeon hd 8550g + 8600/8700m dual,802
radeon hd 8550g + 8600m dual,617
radeon hd 8550g + 8670m dual,579
radeon hd 8550g + 8690m dual,664
radeon hd 8550g + 8750m dual,795
radeon hd 8550g + hd 7600m dual,547
radeon hd 8550g + hd 8500m dual,558
radeon hd 8550g + hd 8570m dual,529
radeon hd 8550g + hd 8600/8700m dual,654
radeon hd 8550g + hd 8600m dual,593
radeon hd 8550g + hd 8670m dual,546
radeon hd 8550g + hd 8750m dual,819
radeon hd 8550g + r5 m200 dual,619
radeon hd 8550g + r5 m230 dual,487
radeon hd 8550g n hd 8550g + hd 8600m n hd 8600m d,611
radeon hd 8570,944
radeon hd 8570 + 8670d dual,620
radeon hd 8570 + hd 7660d dual,949
radeon hd 8570d,430
radeon hd 8570d + 6570 dual,1239
radeon hd 8570d + 6670 dual,1039
radeon hd 8570d + hd 6570 dual,868
radeon hd 8570d + hd 6670 dual,1260
radeon hd 8570d + hd 7000 dual,753
radeon hd 8570d + hd 7700 dual,1834
radeon hd 8570d + hd 8470 dual,338
radeon hd 8570d + hd 8570 dual,1032
radeon hd 8570d + hd8490 dual,374
radeon hd 8570d + r5 235 dual,470
radeon hd 8570d + r7 200 dual,999
radeon hd 8570d + r7 240 dual,963
radeon hd 8570m,449
radeon hd 8600/8700m,1029
radeon hd 8610g,402
radeon hd 8610g + 8500m dual,610
radeon hd 8610g + 8600m dual,588
radeon hd 8610g + 8670m dual,599
radeon hd 8610g + hd 8500m dual,645
radeon hd 8610g + hd 8600m dual,480
radeon hd 8610g + hd 8670m dual,577
radeon hd 8610g + r5 m200 dual,676
radeon hd 8650d,396
radeon hd 8650g,512
radeon hd 8650g + 7600m dual,741
radeon hd 8650g + 7670m dual,883
radeon hd 8650g + 7700m dual,1126
radeon hd 8650g + 8500m dual,626
radeon hd 8650g + 8570m dual,654
radeon hd 8650g + 8600/8700m dual,831
radeon hd 8650g + 8600m dual,613
radeon hd 8650g + 8670m dual,635
radeon hd 8650g + 8750m dual,786
radeon hd 8650g + hd 7600m dual,819
radeon hd 8650g + hd 7670m dual,634
radeon hd 8650g + hd 8570m dual,716
radeon hd 8650g + hd 8600/8700m dual,763
radeon hd 8650g + hd 8600m dual,606
radeon hd 8650g + hd 8600m n hd 8600m dual,757
radeon hd 8650g + hd 8670m dual,585
radeon hd 8650g + hd 8750m dual,651
radeon hd 8650g + hd 8790m dual,799
radeon hd 8650g + r5 m200 dual,722
radeon hd 8650g + r5 m230 dual,686
radeon hd 8650g n hd 8650g + hd 8570m dual,773
radeon hd 8650g n hd 8650g + hd 8600/8700m dual,796
radeon hd 8650g n hd 8650g + hd 8600m n hd 8600m d,679
radeon hd 8670d,532
radeon hd 8670d + 6670 dual,1361
radeon hd 8670d + 7000 dual,811
radeon hd 8670d + 7700 dual,1788
radeon hd 8670d + 8570 dual,974
radeon hd 8670d + hd 6670 dual,1221
radeon hd 8670d + hd 7000 dual,718
radeon hd 8670d + hd 7600 dual,1317
radeon hd 8670d + hd 7700 dual,1892
radeon hd 8670d + r5 235 dual,836
radeon hd 8670d + r5 330 dual,746
radeon hd 8670d + r7 200 dual,949
radeon hd 8670d + r7 240 dual,1020
radeon hd 8670d n hd 8670d + hd 8670d dual,488
radeon hd 8670m,520
radeon hd 8690a,511
radeon hd 8690m,984
radeon hd 8730m,811
radeon hd 8750m,1040
radeon hd 8790m,1305
radeon hd 8790m / r9 m290x,1210
radeon hd 8850m,973
radeon hd 8850m / r9 m265x,1139
radeon hd 8870m,1638
radeon hd 8870m / r9 m270x / m370x,1799
radeon hd 8950,2825
radeon hd 8970m,3876
radeon hd 8990,5214
radeon hd hd7850m,1651
radeon hd4650,239
radeon hd4670,365
radeon hd6370d,320
radeon hd6410d,422
radeon hd6530d,531
radeon hd7450,199
radeon hd8530m,490
radeon hd8970m,3368
radeon hdg 4670,170
radeon igp 320,3
radeon igp 320m,3
radeon igp 340m,2
radeon igp 345m,2
radeon igp 34xm,1
radeon igp 350m,6
radeon infoshock 3000,106
radeon instinct mi25 mxgpu,4403
radeon m535dx,749
radeon pro,2365
radeon pro 450,2722
radeon pro 455,3112
radeon pro 460,3452
radeon pro 465,4537
radeon pro 5300,7125
radeon pro 5300m,5904
radeon pro 5500 xt,7883
radeon pro 5500m,6735
radeon pro 555,3140
radeon pro 560,3475
radeon pro 5600m,9280
radeon pro 560x,3677
radeon pro 570,6336
radeon pro 5700,11469
radeon pro 5700 xt,12546
radeon pro 580,7753
radeon pro 580x,7540
radeon pro duo,8298
radeon pro ryzen 5 pro 6650u,3998
radeon pro ryzen 7 pro 6850u,5582
radeon pro ssg,10971
radeon pro v340 mxgpu,2853
radeon pro v520 mxgpu,12257
radeon pro v620 mxgpu,15632
radeon pro vega 16,4809
radeon pro vega 20,5168
radeon pro vega 48,11269
radeon pro vega 56,12353
radeon pro vega 64,12890
radeon pro vega 64x,13369
radeon pro vega ii,15596
radeon pro vega ii duo,14018
radeon pro vii,13312
radeon pro w5500,8971
radeon pro w5500m,3469
radeon pro w5500x,7350
radeon pro w5700,14517
radeon pro w6300,5559
radeon pro w6400,8027
radeon pro w6600,15098
radeon pro w6600m,11287
radeon pro w6600x,13113
radeon pro w6800,20146
radeon pro w7500,13345
radeon pro w7600,16412
radeon pro w7700,23183
radeon pro w7800,27060
radeon pro w7900,28261
radeon pro w7900 dual slot,13181
radeon pro wx 2100,1868
radeon pro wx 3100,2601
radeon pro wx 3200,2221
radeon pro wx 4100,3691
radeon pro wx 4130,2030
radeon pro wx 4150,2617
radeon pro wx 4170,2869
radeon pro wx 5100,5494
radeon pro wx 7100,7718
radeon pro wx 7130,6405
radeon pro wx 8200,12783
radeon pro wx 9100,12258
radeon pro wx vega m gl,4814
radeon r1e,301
radeon r2,252
radeon r2e,208
radeon r3,312
radeon r3e,224
radeon r4,343
radeon r4e,487
radeon r5 220,147
radeon r5 230,221
radeon r5 235,336
radeon r5 235 + hd 7560d dual,743
radeon r5 235 + hd 8570d dual,737
radeon r5 235x,277
radeon r5 240,555
radeon r5 310,331
radeon r5 330,522
radeon r5 340,935
radeon r5 420,574
radeon r5 430,893
radeon r5 435,761
radeon r5 a10-9600p 4c+6g,619
"radeon r5 a10-9600p radeon r5, 10 compute cores 4c",708
radeon r5 a10-9620p 4c+6g,731
"radeon r5 a10-9620p radeon r5, 10 compute cores 4c",652
radeon r5 a10-9630p 4c+6g,977
"radeon r5 a10-9630p radeon r5, 10 compute cores 4c",707
radeon r5 a240,576
radeon r5 a6-7480,705
radeon r5 a6-8500p,586
"radeon r5 a6-9400 radeon r5, 6 compute cores 2c+4g",605
radeon r5 a6-9500 2c+6g,853
"radeon r5 a6-9500 radeon r5, 8 compute cores 2c+6g",924
radeon r5 a6-9500e 2c+4g,1014
"radeon r5 a6-9500e radeon r5, 6 compute cores 2c+4",692
radeon r5 m230,421
radeon r5 m240,474
radeon r5 m255,544
radeon r5 m315,478
radeon r5 m320,467
radeon r5 m330,595
radeon r5 m335,548
radeon r5 m420,499
radeon r5 m430,648
radeon r5 m435,854
radeon r5 opteron x3216,415
radeon r5 pro a10-8730b 4c+6g,695
"radeon r5 pro a10-8730b r5, 10 compute cores 4c+6g",602
radeon r5 pro a6-8500b 2c+4g,508
"radeon r5 pro a6-8500b r5, 6 compute cores 2c+4g",510
radeon r5 pro a6-8530b 2c+4g,689
"radeon r5 pro a6-8530b r5, 6 compute cores 2c+4g",463
radeon r5 pro a6-8570 2c+6g,847
"radeon r5 pro a6-8570 r5, 8 compute cores 2c+6g",978
radeon r5 pro a6-8570e 2c+4g,637
"radeon r5 pro a6-8570e r5, 6 compute cores 2c+4g",662
radeon r5 pro a6-9500 2c+6g,1096
"radeon r5 pro a6-9500 r5, 8 compute cores 2c+6g",765
radeon r5 pro a6-9500b 2c+4g,693
"radeon r5 pro a6-9500b r5, 6 compute cores 2c+4g",408
radeon r5 pro a6-9500e 2c+4g,770
radeon r5 pro a8-9600b 4c+6g,658
"radeon r5 pro a8-9600b r5, 10 compute cores 4c+6g",578
radeon r5e,315
radeon r6,612
radeon r6 + r7 m265dx dual,570
radeon r6 a10-8700p,541
radeon r6 a10-9600p 4c+6g,970
radeon r6 a8-8600p,474
radeon r6 m255dx,605
radeon r6 opteron x3418,955
radeon r6 pro a10-8700b 4c+6g,538
"radeon r6 pro a10-8700b r6, 10 compute cores 4c+6g",552
radeon r6 pro a8-8600b 4c+6g,531
"radeon r6 pro a8-8600b r6, 10 compute cores 4c+6g",596
radeon r7 + hd 7700 dual,1962
radeon r7 + r5 330 dual,1028
radeon r7 + r5 340 dual,1234
radeon r7 + r5 435 dual a10-9700 radeon,885
radeon r7 + r5 dual,897
radeon r7 + r7 200 dual,1077
radeon r7 + r7 240 dual,1045
radeon r7 + r7 250 dual,1232
radeon r7 + r7 350 dual,1982
radeon r7 +8g,1190
radeon r7 240,900
radeon r7 240 + hd 8570d dual,917
radeon r7 240 + hd 8670d dual,930
radeon r7 250,1059
radeon r7 250x,2268
radeon r7 260,2891
radeon r7 260x,3189
radeon r7 340,960
radeon r7 360,3127
radeon r7 370,4488
radeon r7 430,1102
radeon r7 450,1886
radeon r7 7850a10-7850k,551
radeon r7 a10 extreme edition,843
radeon r7 a10 pro-7800b,733
radeon r7 a10 pro-7850b,822
radeon r7 a10-7700k,781
radeon r7 a10-7800,730
radeon r7 a10-7850k,940
radeon r7 a10-7860k,898
radeon r7 a10-7870k,1076
radeon r7 a10-7890k,1001
radeon r7 a10-8750,856
radeon r7 a10-8850,773
radeon r7 a10-9700 radeon,898
radeon r7 a10-9700e radeon,887
radeon r7 a12-9700p radeon,705
radeon r7 a12-9720p radeon,721
radeon r7 a12-9730p radeon,1014
radeon r7 a12-9800 radeon,1050
radeon r7 a12-9800e radeon,913
radeon r7 a265,993
radeon r7 a360,607
radeon r7 a365,781
radeon r7 a370,1281
radeon r7 a8 pro-7600b,647
radeon r7 a8-7500,811
radeon r7 a8-7500 4c+6g,853
radeon r7 a8-7600,776
radeon r7 a8-7650k,749
radeon r7 a8-7670k,846
radeon r7 a8-7680,798
radeon r7 a8-8650,912
radeon r7 a8-9600 radeon,841
radeon r7 fx-8800p,815
radeon r7 fx-9800p radeon,759
radeon r7 fx-9830p radeon,1368
radeon r7 g,869
radeon r7 m260,525
radeon r7 m260dx,816
radeon r7 m260x,1003
radeon r7 m265,536
radeon r7 m265dx,498
radeon r7 m270,771
radeon r7 m340,647
radeon r7 m350,1125
radeon r7 m360,586
radeon r7 m365x,823
radeon r7 m370,1417
radeon r7 m380,1668
radeon r7 m440,902
radeon r7 m445,941
radeon r7 m460,1055
radeon r7 m465,1145
radeon r7 m465x,1786
radeon r7 opteron x3421,1103
radeon r7 pro a10-8750b,776
radeon r7 pro a10-8770,894
radeon r7 pro a10-8770e,809
radeon r7 pro a10-8850b,945
radeon r7 pro a10-9700,809
radeon r7 pro a10-9700b,628
radeon r7 pro a10-9700e,921
radeon r7 pro a12-8800b,619
radeon r7 pro a12-8830b,579
radeon r7 pro a12-8870,931
radeon r7 pro a12-8870e,875
radeon r7 pro a12-9800,939
radeon r7 pro a12-9800b,695
radeon r7 pro a12-9800e,971
radeon r7 pro a6-9500 2c+6g,781
radeon r7 pro a8-8650b,716
radeon r7 pro a8-8670e,1162
radeon r7 pro a8-9600,837
radeon r7e,564
radeon r8 m365dx,647
radeon r8 m445dx,796
radeon r8 m535dx,670
radeon r9 255,1501
radeon r9 260,3047
radeon r9 270,4306
radeon r9 270 / r7 370,4259
radeon r9 270x,4871
radeon r9 280,5541
radeon r9 280x,6106
radeon r9 285 / 380,5549
radeon r9 290,8189
radeon r9 290 / 390,8150
radeon r9 290x,8442
radeon r9 290x / 390x,8380
radeon r9 295x2,8714
radeon r9 350,1988
radeon r9 360,3031
radeon r9 370,4722
radeon r9 380,6037
radeon r9 380x,6144
radeon r9 390,8871
radeon r9 390x,9326
radeon r9 fury,9539
radeon r9 fury + fury x,9741
radeon r9 fury x,9384
radeon r9 m265x,1159
radeon r9 m270x,1204
radeon r9 m275,1114
radeon r9 m275x,1655
radeon r9 m275x / m375,1574
radeon r9 m280x,813
radeon r9 m290x,3217
radeon r9 m295x,5150
radeon r9 m360,1819
radeon r9 m365x,1481
radeon r9 m370x,1557
radeon r9 m375,991
radeon r9 m375x,1761
radeon r9 m380,2773
radeon r9 m385,2060
radeon r9 m385x,1993
radeon r9 m390x,3850
radeon r9 m395,4929
radeon r9 m395x,4973
radeon r9 m470,2330
radeon r9 m470x,3244
radeon r9 m485x,3660
radeon rx 460,4093
radeon rx 470/570,7943
radeon rx 480,8565
radeon rx 5300,7587
radeon rx 5300m,4901
radeon rx 540,2063
radeon rx 550,2678
radeon rx 5500,8807
radeon rx 5500 xt,9082
radeon rx 5500m,5880
radeon rx 550x,2360
radeon rx 560,3676
radeon rx 5600,11740
radeon rx 5600 oem,12286
radeon rx 5600 xt,13454
radeon rx 5600m,8861
radeon rx 560x,3406
radeon rx 5700,14311
radeon rx 5700 xt,16256
radeon rx 5700 xt 50th anniversary,16505
radeon rx 570x,1923
radeon rx 580,8809
radeon rx 580 2048sp,7651
radeon rx 580x,7624
radeon rx 590,9345
radeon rx 6300,5294
radeon rx 6300m,6421
radeon rx 640,2165
radeon rx 6400,7688
radeon rx 6500,7496
radeon rx 6500 xt,9604
radeon rx 6500m,7541
radeon rx 6550m,9717
radeon rx 6600,15092
radeon rx 6600 le,13460
radeon rx 6600 xt,16453
radeon rx 6600m,13932
radeon rx 6600s,12678
radeon rx 6650 xt,17170
radeon rx 6650m,15064
radeon rx 6650m xt,17070
radeon rx 6700,18920
radeon rx 6700 xt,19784
radeon rx 6700m,13457
radeon rx 6700s,15062
radeon rx 6750 gre 10gb,18519
radeon rx 6750 gre 12gb,20333
radeon rx 6750 xt,20689
radeon rx 6800,22056
radeon rx 6800 xt,24975
radeon rx 6800m,13275
radeon rx 6800s,15864
radeon rx 6850m,12274
radeon rx 6850m xt,17165
radeon rx 6900 xt,26728
radeon rx 6950 xt,28058
radeon rx 7600,16617
radeon rx 7600 xt,17143
radeon rx 7600m,12804
radeon rx 7600m xt,14541
radeon rx 7600s,15306
radeon rx 7650 gre,15824
radeon rx 7700 xt,22560
radeon rx 7700s,15637
radeon rx 780,7657
radeon rx 7800 xt,24193
radeon rx 7800m,16291
radeon rx 7900 gre,27089
radeon rx 7900 xt,29028
radeon rx 7900 xtx,31256
radeon rx 7900m,22627
radeon rx 9060 xt 16gb,20087
radeon rx 9060 xt 8gb,20042
radeon rx 9070,25501
radeon rx 9070 gre,22713
radeon rx 9070 xt,26829
radeon rx vega - renoir ryzen 3 5300u,2312
radeon rx vega 10,1630
radeon rx vega 10 ryzen 7 3700c,1166
radeon rx vega 10 ryzen 7 3700u,1477
radeon rx vega 10 ryzen 7 3750h,1892
radeon rx vega 10 ryzen 7 pro 3700u w/,1494
radeon rx vega 11,2097
radeon rx vega 11 prd,2401
radeon rx vega 11 processor,1761
radeon rx vega 11 ryzen 5 3350g,1847
radeon rx vega 11 ryzen 5 3400g,2169
radeon rx vega 11 ryzen 5 3400ge,1941
radeon rx vega 56,13073
radeon rx vega 6 ryzen 3 3200u,906
radeon rx vega 64,14023
radeon rx vega 8,1486
radeon rx vega m gh,6557
radeon rx vega m gl,3874
radeon rx vega ryzen 3 5300u,2329
radeon rx vega ryzen 5 5500u,2356
radeon rx vega ryzen 5 5600gt,9558
radeon rx vega ryzen 7 5825u,2916
radeon rx vega11,1605
radeon rx vega11 ryzen 7 3750h,1594
radeon rx vega11 ryzen 7 microsoft surface edition,1420
radeon rx590 gme,8402
radeon ryzen 3 3250u,806
radeon ryzen 3 5300u,1587
radeon ryzen 3 5425u,1568
radeon ryzen 3 7330u,1610
radeon ryzen 3 7335u,2149
radeon ryzen 3 pro 4355ge,1431
radeon ryzen 3 pro 5355ge,1951
radeon ryzen 3 pro 5450u,1692
radeon ryzen 3 pro 5475u,1496
radeon ryzen 3 pro 7330u,1853
radeon ryzen 3 pro 7335u,1992
radeon ryzen 5 3450u,1110
radeon ryzen 5 3550h,1442
radeon ryzen 5 4600ge with radeon graphics,2337
radeon ryzen 5 5500gt,2460
radeon ryzen 5 5500u,2040
radeon ryzen 5 5560u,2035
radeon ryzen 5 5600ge,2426
radeon ryzen 5 5600gt,2434
radeon ryzen 5 5600h,2412
radeon ryzen 5 5600u,2095
radeon ryzen 5 5625u,2107
radeon ryzen 5 6600h,3449
radeon ryzen 5 6600hs creator edition,3743
radeon ryzen 5 6600u,3232
radeon ryzen 5 7430u,2456
radeon ryzen 5 7530u,2213
radeon ryzen 5 7533hs,3523
radeon ryzen 5 7535h w/,4233
radeon ryzen 5 7535hs,3122
radeon ryzen 5 7535u,3176
radeon ryzen 5 7600 6-core,1723
radeon ryzen 5 7600x 6-core,1656
radeon ryzen 5 7600x3d 6-core,1811
radeon ryzen 5 microsoft surface edition,2061
radeon ryzen 5 pro 4400g,2276
radeon ryzen 5 pro 4655g,2225
radeon ryzen 5 pro 4655ge,2274
radeon ryzen 5 pro 5650g,2287
radeon ryzen 5 pro 5650ge,2252
radeon ryzen 5 pro 5655g,2415
radeon ryzen 5 pro 5655ge,1784
radeon ryzen 5 pro 5675u,1916
radeon ryzen 5 pro 6650h,2678
radeon ryzen 5 pro 6650u,3677
radeon ryzen 5 pro 7535u,2936
radeon ryzen 5 pro 7645 6-core,1619
radeon ryzen 7 3700u,1217
radeon ryzen 7 4700g,2585
radeon ryzen 7 4700ge,2595
radeon ryzen 7 4700u,2033
radeon ryzen 7 4800h,3323
radeon ryzen 7 4800hs,3102
radeon ryzen 7 4800u,2310
radeon ryzen 7 5700u,2240
radeon ryzen 7 5800h,2825
radeon ryzen 7 5800hs,2528
radeon ryzen 7 5800u,2395
radeon ryzen 7 5825u,2407
radeon ryzen 7 6800h,5049
radeon ryzen 7 6800hs,6012
radeon ryzen 7 6800hs creator edition,5362
radeon ryzen 7 6800u,4267
radeon ryzen 7 6810u,5937
radeon ryzen 7 7700 8-core,1708
radeon ryzen 7 7700x 8-core,1865
radeon ryzen 7 7730u,2394
radeon ryzen 7 7735h,5369
radeon ryzen 7 7735hs,4998
radeon ryzen 7 7735u,4703
radeon ryzen 7 7736u,5818
radeon ryzen 7 7800x3d 8-core,1762
radeon ryzen 7 microsoft surface edition,2264
radeon ryzen 7 pro 4750g,2526
radeon ryzen 7 pro 4750ge,2382
radeon ryzen 7 pro 4750u,2002
radeon ryzen 7 pro 5755g,2733
radeon ryzen 7 pro 5755ge,2117
radeon ryzen 7 pro 5800h,2944
radeon ryzen 7 pro 5875u,2173
radeon ryzen 7 pro 6850h,5454
radeon ryzen 7 pro 6850hs,5057
radeon ryzen 7 pro 6850u,5061
radeon ryzen 7 pro 6860z,4575
radeon ryzen 7 pro 7730u,2273
radeon ryzen 7 pro 7735u,3856
radeon ryzen 7 pro 7745 8-core,1660
radeon ryzen 9 4900h,2585
radeon ryzen 9 4950u mobile,2594
radeon ryzen 9 5900h,2134
radeon ryzen 9 6900hs,6796
radeon ryzen 9 6900hs creator edition,5155
radeon ryzen 9 7900 12-core,1941
radeon ryzen 9 7900x 12-core,2187
radeon ryzen 9 7900x3d 12-core,1767
radeon ryzen 9 7950x 16-core,3221
radeon ryzen 9 7950x3d 16-core,1652
radeon ryzen 9 pro 6950h,5764
radeon ryzen 9 pro 6950hs,4338
radeon ryzen 9 pro 7945 12-core,1612
radeon ryzen embedded r2312,837
radeon ryzen embedded r2314,997
radeon ryzen embedded r2514,1511
radeon ryzen embedded r2544,1864
radeon ryzen embedded v2516,1723
radeon ryzen embedded v2546,1435
radeon ryzen embedded v2718,1998
radeon ryzen embedded v2748,2216
radeon ryzen z2 go,4999
radeon sky 500,4709
radeon tm,5560
radeon tm r9 a360,2060
radeon ve,2
radeon vega 10,1533
radeon vega 10 mobile,1535
radeon vega 10 ryzen 7 pro 3700u w/,1564
radeon vega 11,1864
radeon vega 11 ryzen 5 pro 3350g,2172
radeon vega 11 ryzen 5 pro 3400g,2038
radeon vega 11 ryzen 5 pro 3400ge w/,1538
radeon vega 2,506
radeon vega 2 athlon silver 3050u,521
radeon vega 3,890
radeon vega 3 3020e,544
radeon vega 3 athlon 3000g,949
radeon vega 3 athlon 300ge,1044
radeon vega 3 athlon 300u,820
radeon vega 3 athlon 320ge,677
radeon vega 3 athlon gold 3150g,1088
radeon vega 3 athlon gold 3150u,651
radeon vega 3 athlon pro 300ge w/,1090
radeon vega 3 athlon silver 3050e,479
radeon vega 3 athlon silver 3050u,839
radeon vega 3 mobile,1047
radeon vega 3 ryzen 3 3200u,830
radeon vega 3 ryzen 3 3250u,685
radeon vega 3 ryzen embedded r1305g,580
radeon vega 3 ryzen embedded r1505g,723
radeon vega 3 ryzen embedded r1606g,856
radeon vega 6,1311
radeon vega 6 ryzen 3 3300u,1357
radeon vega 6 ryzen 3 3350u,1446
radeon vega 6 ryzen 3 pro 3300u w/,1288
radeon vega 8,1572
radeon vega 8 mobile,1421
radeon vega 8 ryzen 3 3200g,1656
radeon vega 8 ryzen 3 3200ge,1951
radeon vega 8 ryzen 3 pro 3200g,1393
radeon vega 8 ryzen 3 pro 3200ge w/,1586
radeon vega 8 ryzen 5 3450u,1288
radeon vega 8 ryzen 5 3500u,1362
radeon vega 8 ryzen 5 3550h,1645
radeon vega 8 ryzen 5 pro 3500u w/,1493
radeon vega 9,1587
radeon vega 9 ryzen 5 3550h,1516
radeon vega 9 ryzen 5 microsoft surface edition,1508
radeon vega frontier edition,12872
radeon vii,16347
radeon x1050,49
radeon x1200,32
radeon x1250,37
radeon x1270,31
radeon x1300,58
radeon x1300 pro,84
radeon x1550,66
radeon x1550 64-bit,47
radeon x1600,49
radeon x1600 pro,98
radeon x1600 pro / x1300xt,69
radeon x1600 xt,115
radeon x1650 gto,74
radeon x1650 pro,84
radeon x1650 se,71
radeon x1700 targa edition,116
radeon x1800 gto,140
radeon x1900 crossfire edition,137
radeon x1900 gt,145
radeon x1950 crossfire edition,151
radeon x1950 gt,106
radeon x1950 pro,112
radeon x300se,38
radeon x550,50
radeon x550xt,56
radeon x550xtx,70
radeon x600 256mb hypermemory,56
radeon x600 pro,67
radeon x600 se,49
radeon x600xt,91
radeon x700,72
radeon x700 pro,75
radeon x700 se,71
radeon x800 gt,84
radeon x800 gto,114
radeon x800 pro,64
radeon x800 pro/gto,73
radeon x800 se,129
radeon x800 xl,69
radeon x800 xt,97
radeon x800 xt platinum edition,81
radeon x800gt,79
radeon x850 pro,72
radeon x850 xt,81
radeon x850 xt platinum edition,81
radeon xpress 1100,34
radeon xpress 1150,29
radeon xpress 1200,35
radeon xpress 1250,42
radeon xpress 1270,26
radeon xpress 1300,52
radeon xpress 1300m,40
radeon xpress 200,29
radeon xpress 200 crossfire,18
radeon xpress 200m,22
radeont 610m,1089
radeont 660m,2220
radeont 660m ryzen 5 7535hs,4051
radeont 680m ryzen 7 6800h,2381
radeont 680m ryzen 7 7735hs,5626
radeont 780m,7090
radeont rx 6850m xt,14631
radeont rx vega 11,1916
radeont ryzen 3 3250u,581
rage 128 pro,1
rage 128 pro agp 4x tmds,1
rage fury pro/xpert 2000 pro,3
rdpdd chained dd,234
red hat qxl controller,52
remotepc adapter,8381
rgh drivers v3,11
riva tnt2 model 64/model 64 pro,3
riva tnt2/tnt2 pro,3
rtx 1000 ada generation laptop gpu,13388
rtx 2000 ada generation,17164
rtx 2000 ada generation embedded gpu,15505
rtx 2000 ada generation laptop gpu,15084
rtx 2000e ada generation,14462
rtx 3000 ada generation laptop gpu,15957
rtx 3500 ada generation embedded gpu,25188
rtx 3500 ada generation laptop gpu,19708
rtx 4000 ada generation,24004
rtx 4000 ada generation laptop gpu,22026
rtx 4000 sff ada generation,20419
rtx 4500 ada generation,27564
rtx 500 ada generation laptop gpu,10998
rtx 5000 ada generation,30126
rtx 5000 ada generation embedded gpu,20311
rtx 5000 ada generation laptop gpu,23599
rtx 5880 ada generation,25095
rtx 6000 ada generation,28817
rtx a1000,10786
rtx a1000 6gb laptop gpu,10069
rtx a1000 embedded gpu,11460
rtx a1000 laptop gpu,9513
rtx a2000,13523
rtx a2000 12gb,13683
rtx a2000 8gb laptop gpu,10599
rtx a2000 embedded gpu,10860
rtx a2000 laptop gpu,9670
rtx a3000 12gb laptop gpu,13776
rtx a3000 laptop gpu,12834
rtx a400,5984
rtx a4000,19462
rtx a4000 laptop gpu,14748
rtx a4500,21205
rtx a4500 embedded gpu,8485
rtx a4500 laptop gpu,16561
rtx a500 embedded gpu,5404
rtx a500 laptop gpu,6658
rtx a5000,22646
rtx a5000 laptop gpu,15869
rtx a5500,21245
rtx a5500 laptop gpu,17218
rtx a6000,22572
rtx pro 1000 blackwell generation laptop gpu,14522
rtx pro 2000 blackwell,14363
rtx pro 2000 blackwell generation laptop gpu,17118
rtx pro 3000 blackwell generation laptop gpu,26475
rtx pro 4000 blackwell generation laptop gpu,26363
rtx pro 4500 blackwell,31557
rtx pro 500 blackwell generation laptop gpu,13324
rtx pro 5000 blackwell generation laptop gpu,29872
rtx pro 6000 blackwell max-q workstation edition,31615
rtx pro 6000 blackwell workstation edition,31812
rv530 pro,118
ryzen 3 4300g with radeon graphics,1687
ryzen 3 4300ge with radeon graphics,2322
ryzen 3 4300u with radeon graphics,1375
ryzen 3 5300g with radeon graphics,1983
ryzen 3 5300ge with radeon graphics,1950
ryzen 3 5300u with radeon graphics,1539
ryzen 3 5400u with radeon graphics,1600
ryzen 3 5425u with radeon graphics,1691
ryzen 3 7330u with radeon graphics,1693
ryzen 3 7335u with radeon graphics,1980
ryzen 3 pro 4200ge with radeon graphics,1748
ryzen 3 pro 4300u with radeon graphics,1542
ryzen 3 pro 4350g with radeon graphics,2073
ryzen 3 pro 4350ge with radeon graphics,1931
ryzen 3 pro 4450u with radeon graphics,1498
ryzen 3 pro 5350g with radeon graphics,2299
ryzen 3 pro 5350ge with radeon graphics,1825
ryzen 3 pro 5450u with radeon graphics,1617
ryzen 3 pro 5475u with radeon graphics,1431
ryzen 3 pro 7330u with radeon graphics,2144
ryzen 5 2500u with radeon vega,1503
ryzen 5 4500u with radeon graphics,1808
ryzen 5 4600g with radeon graphics,2336
ryzen 5 4600h with radeon graphics,2137
ryzen 5 4600hs with radeon graphics,8370
ryzen 5 4600u with radeon graphics,1897
ryzen 5 5500gt with radeon graphics,2224
ryzen 5 5500u with radeon graphics,1970
ryzen 5 5560u with radeon graphics,2098
ryzen 5 5600g with radeon graphics,2555
ryzen 5 5600ge with radeon graphics,2547
ryzen 5 5600gt with radeon graphics,2200
ryzen 5 5600h with radeon graphics,2297
ryzen 5 5600u with radeon graphics,2150
ryzen 5 5625u with radeon graphics,1996
ryzen 5 6600h with radeon graphics,3579
ryzen 5 6600hs creator edition,3690
ryzen 5 6600u with radeon graphics,3233
ryzen 5 7430u with radeon graphics,2270
ryzen 5 7530u with radeon graphics,2250
ryzen 5 7535u with radeon graphics,3323
ryzen 5 9600x 6-core processor,1858
ryzen 5 pro 4400g with radeon graphics,2305
ryzen 5 pro 4400ge with radeon graphics,1441
ryzen 5 pro 4500u with radeon graphics,2007
ryzen 5 pro 4650g with radeon graphics,2379
ryzen 5 pro 4650ge with radeon graphics,2154
ryzen 5 pro 4650u with radeon graphics,1687
ryzen 5 pro 5650g with radeon graphics,2481
ryzen 5 pro 5650ge with radeon graphics,2455
ryzen 5 pro 5650u with radeon graphics,1987
ryzen 5 pro 5675u with radeon graphics,1719
ryzen 5 pro 6650u,3519
ryzen 5 pro 6650u with radeon graphics,3533
ryzen 5 pro 7530u with radeon graphics,1873
ryzen 5 pro 7535u with radeon graphics,3750
ryzen 7 2700u with radeon vega,1617
ryzen 7 4700g with radeon graphics,2186
ryzen 7 4700ge with radeon graphics,2496
ryzen 7 4700u with radeon graphics,2034
ryzen 7 4800h with radeon graphics,2113
ryzen 7 4800u with radeon graphics,2343
ryzen 7 5700g with radeon graphics,2756
ryzen 7 5700ge with radeon graphics,2677
ryzen 7 5700u with radeon graphics,2241
ryzen 7 5800h with radeon graphics,2736
ryzen 7 5800hs with radeon graphics,2795
ryzen 7 5800u with radeon graphics,2310
ryzen 7 5825u with radeon graphics,2351
ryzen 7 6800h,5247
ryzen 7 6800h with radeon graphics,4959
ryzen 7 6800hs,5237
ryzen 7 6800hs creator edition,5465
ryzen 7 6800hs with radeon graphics,6240
ryzen 7 6800u,5006
ryzen 7 6800u with radeon graphics,4760
ryzen 7 7730u with radeon graphics,2433
ryzen 7 7735hs with radeon graphics,5175
ryzen 7 7735u with radeon graphics,5081
ryzen 7 9700x 8-core processor,2250
ryzen 7 9800x3d 8-core processor,1830
ryzen 7 extreme edition,2151
ryzen 7 pro 4750g with radeon graphics,2681
ryzen 7 pro 4750ge with radeon graphics,2549
ryzen 7 pro 4750u with radeon graphics,2029
ryzen 7 pro 5750g with radeon graphics,2400
ryzen 7 pro 5750ge with radeon graphics,2444
ryzen 7 pro 5850u with radeon graphics,2294
ryzen 7 pro 5875u with radeon graphics,2067
ryzen 7 pro 6850h with radeon graphics,5790
ryzen 7 pro 6850hs with radeon graphics,4087
ryzen 7 pro 6850u,5580
ryzen 7 pro 6850u with radeon graphics,5116
ryzen 7 pro 6860z,5076
ryzen 7 pro 6860z with radeon graphics,4869
ryzen 7 pro 7730u with radeon graphics,2566
ryzen 7 pro 7735u with radeon graphics,5142
ryzen 9 4900hs with radeon graphics,7022
ryzen 9 5900hs with radeon graphics,5466
ryzen 9 5900hx with radeon graphics,2934
ryzen 9 6900hs,8005
ryzen 9 6900hs with radeon graphics,6109
ryzen 9 6900hx with radeon graphics,5158
ryzen 9 9900x 12-core processor,1729
ryzen 9 9950x 16-core processor,1770
ryzen 9 pro 6950h,5758
ryzen 9 pro 6950h with radeon graphics,6176
ryzen 9 pro 6950hs with radeon graphics,4704
s3 5400ew,146
s3 chrome 430 ulp,39
s3 chrome s25 ddr2,18
s3 chrome s27 ddr3,33
s3 inc. savage4,3
s3 prosavageddr,1
s3 supersavage/ixc 1014,1
sapphire radeon 9000 atlantis pro,5
sapphire radeon 9600 atlantis,47
sapphire radeon x1550,61
sapphire radeon x800 gt,112
seria mobility radeon hd 3400,124
seria radeon hd 7700,1603
snapdragon x elite - x1e001de - qualcomm adreno gp,3245
snapdragon x elite - x1e78100 - qualcomm adreno gp,2568
snapdragon x elite - x1e80100 - qualcomm adreno gp,2603
snapdragon x elite - x1e84100 - qualcomm adreno gp,2981
snapdragon x plus - x1p64100 - qualcomm adreno gpu,2601
spacedesk adapter,7010
sqextframebufferumode device,1752
sudomaker virtual display adapter,18669
sumo 9640,650
sumo 9644,465
sumo 964a,497
superdisplay virtual adapter,10390
surface duo adreno 640 gpu,592
t1000,7640
t1000 8gb,7672
t1200 laptop gpu,7743
t400,3602
t400 4gb,3801
t500,3637
t550 laptop gpu,4775
t600,6481
t600 laptop gpu,7011
tensor 1.0 driver intel hd 630,1299
tesla c2050,3175
tesla c2050 / c2070,3428
tesla c2070,3120
tesla c2075,3016
tesla k20m,4432
tesla k20xm,4403
tesla k40c,4494
tesla k40m,3143
tesla k80,4539
tesla m10,3248
tesla m2070-q,1305
tesla m40,10219
tesla m40 24gb,10641
tesla m6,6226
tesla m60,7651
tesla p100-pcie-16gb,11813
tesla p4,9118
tesla p40,12020
tesla t10,12557
tesla t4,10625
tesla v100-pcie-16gb,12328
tesla v100-sxm2-16gb,13625
titan rtx,20491
titan v,19917
titan v ceo edition,16987
titan xp collectors edition,18710
trinity devastator mobile,578
trinity scrapper mobile,498
usb mobile monitor virtual display,15222
v9560xt,6
vanta/vanta lt,3
via chrome9 hc igp,4
via chrome9 hc igp family,3
via chrome9 hc igp family wddm,3
via chrome9 hc igp prerelease wddm 1.1,2
via chrome9 hc igp wddm,2
via chrome9 hc igp wddm 1.1,3
via chrome9 hc3 igp,2
via chrome9 hcm igp,1
via chrome9 hd igp,10
via/s3g c-645/640 gpu,132
via/s3g chrome 645/640 gpu,109
via/s3g deltachrome igp,3
via/s3g km400/kn400,4
via/s3g unichrome igp,4
via/s3g unichrome pro igp,4
via/s3g unichromeii,5
virtual desktop monitor,24610
virtual display device,1590
virtualmonitor device,2130
visiontek radeon 7000,1
vmware horizon indirect display driver,3565
vnc mirror driver,5042
winfast a250 le,4
xabre,5
xgi volari family v1.13.23.d_v,4
zx c-1080,318
zx c-1190,346
zx c-960,76
zx chrome 645/640 gpu,147
